;vid_name;label;num_frames
0;RoadAccidents139;RoadAccidents;364
1;RoadAccidents028;RoadAccidents;60
2;RoadAccidents104;RoadAccidents;562
3;RoadAccidents108;RoadAccidents;460
4;RoadAccidents136;RoadAccidents;289
5;RoadAccidents037;RoadAccidents;219
6;RoadAccidents014;RoadAccidents;1190
7;RoadAccidents113;RoadAccidents;181
8;RoadAccidents107;RoadAccidents;107
9;RoadAccidents024;RoadAccidents;595
10;RoadAccidents117;RoadAccidents;204
11;RoadAccidents023;RoadAccidents;351
12;RoadAccidents148;RoadAccidents;1806
13;RoadAccidents082;RoadAccidents;137
14;RoadAccidents060;RoadAccidents;84
15;RoadAccidents074;RoadAccidents;192
16;RoadAccidents146;RoadAccidents;110
17;RoadAccidents147;RoadAccidents;1061
18;RoadAccidents068;RoadAccidents;178
19;RoadAccidents111;RoadAccidents;124
20;RoadAccidents054;RoadAccidents;126
21;RoadAccidents142;RoadAccidents;432
22;RoadAccidents018;RoadAccidents;152
23;RoadAccidents098;RoadAccidents;180
24;RoadAccidents141;RoadAccidents;263
25;RoadAccidents030;RoadAccidents;129
26;RoadAccidents008;RoadAccidents;133
27;RoadAccidents097;RoadAccidents;382
28;RoadAccidents091;RoadAccidents;134
29;RoadAccidents137;RoadAccidents;101
30;RoadAccidents067;RoadAccidents;121
31;RoadAccidents073;RoadAccidents;57
32;RoadAccidents150;RoadAccidents;150
33;RoadAccidents032;RoadAccidents;227
34;RoadAccidents076;RoadAccidents;239
35;RoadAccidents114;RoadAccidents;170
36;RoadAccidents100;RoadAccidents;55
37;RoadAccidents063;RoadAccidents;352
38;RoadAccidents026;RoadAccidents;79
39;RoadAccidents078;RoadAccidents;671
40;RoadAccidents064;RoadAccidents;240
41;RoadAccidents013;RoadAccidents;173
42;RoadAccidents062;RoadAccidents;745
43;RoadAccidents053;RoadAccidents;69
44;RoadAccidents135;RoadAccidents;122
45;RoadAccidents087;RoadAccidents;426
46;RoadAccidents093;RoadAccidents;180
47;RoadAccidents027;RoadAccidents;11
48;RoadAccidents085;RoadAccidents;445
49;RoadAccidents105;RoadAccidents;216
50;RoadAccidents080;RoadAccidents;130
51;RoadAccidents094;RoadAccidents;181
52;RoadAccidents126;RoadAccidents;122
53;RoadAccidents140;RoadAccidents;198
54;RoadAccidents031;RoadAccidents;219
55;RoadAccidents055;RoadAccidents;84
56;RoadAccidents118;RoadAccidents;97
57;RoadAccidents119;RoadAccidents;183
58;RoadAccidents145;RoadAccidents;117
59;RoadAccidents029;RoadAccidents;53
60;RoadAccidents115;RoadAccidents;196
61;RoadAccidents095;RoadAccidents;116
62;RoadAccidents109;RoadAccidents;403
63;RoadAccidents042;RoadAccidents;92
64;RoadAccidents015;RoadAccidents;135
65;RoadAccidents007;RoadAccidents;111
66;RoadAccidents040;RoadAccidents;195
67;RoadAccidents083;RoadAccidents;120
68;RoadAccidents149;RoadAccidents;215
69;RoadAccidents090;RoadAccidents;179
70;RoadAccidents084;RoadAccidents;88
71;RoadAccidents103;RoadAccidents;126
72;RoadAccidents048;RoadAccidents;243
73;RoadAccidents025;RoadAccidents;119
74;RoadAccidents070;RoadAccidents;62
75;RoadAccidents006;RoadAccidents;170
76;RoadAccidents151;RoadAccidents;85
77;RoadAccidents034;RoadAccidents;174
78;RoadAccidents077;RoadAccidents;168
79;RoadAccidents112;RoadAccidents;93
80;RoadAccidents036;RoadAccidents;132
81;RoadAccidents138;RoadAccidents;97
82;RoadAccidents088;RoadAccidents;143
83;RoadAccidents106;RoadAccidents;239
84;RoadAccidents059;RoadAccidents;190
85;RoadAccidents130;RoadAccidents;128
86;RoadAccidents092;RoadAccidents;170
87;RoadAccidents057;RoadAccidents;209
88;RoadAccidents039;RoadAccidents;38
89;RoadAccidents046;RoadAccidents;67
90;RoadAccidents050;RoadAccidents;111
91;RoadAccidents058;RoadAccidents;68
92;RoadAccidents003;RoadAccidents;149
93;RoadAccidents056;RoadAccidents;90
94;RoadAccidents099;RoadAccidents;131
95;RoadAccidents069;RoadAccidents;33
96;RoadAccidents049;RoadAccidents;74
97;RoadAccidents110;RoadAccidents;46
98;RoadAccidents066;RoadAccidents;161
99;RoadAccidents044;RoadAccidents;40
100;RoadAccidents096;RoadAccidents;71
101;RoadAccidents144;RoadAccidents;87
102;RoadAccidents071;RoadAccidents;64
103;RoadAccidents051;RoadAccidents;41
104;RoadAccidents043;RoadAccidents;19
105;RoadAccidents129;RoadAccidents;26
106;RoadAccidents143;RoadAccidents;89
107;RoadAccidents116;RoadAccidents;61
108;RoadAccidents035;RoadAccidents;28
109;RoadAccidents089;RoadAccidents;111
110;RoadAccidents081;RoadAccidents;109
111;RoadAccidents052;RoadAccidents;37
112;RoadAccidents079;RoadAccidents;135
113;RoadAccidents033;RoadAccidents;59
114;RoadAccidents047;RoadAccidents;44
115;RoadAccidents120;RoadAccidents;184
116;RoadAccidents065;RoadAccidents;12
117;RoadAccidents134;RoadAccidents;28
118;RoadAccidents038;RoadAccidents;51
119;RoadAccidents086;RoadAccidents;90
120;RoadAccidents072;RoadAccidents;86
121;RoadAccidents061;RoadAccidents;67
122;RoadAccidents102;RoadAccidents;36
123;RoadAccidents075;RoadAccidents;33
124;RoadAccidents041;RoadAccidents;24
125;RoadAccidents101;RoadAccidents;27
126;RoadAccidents005;RoadAccidents;23
127;Arson019;Arson;12656
128;Arson015;Arson;1023
129;Arson026;Arson;590
130;Arson045;Arson;376
131;Arson023;Arson;136
132;Arson037;Arson;81
133;Arson032;Arson;279
134;Arson013;Arson;638
135;Arson053;Arson;678
136;Arson003;Arson;402
137;Arson025;Arson;529
138;Arson030;Arson;506
139;Arson052;Arson;477
140;Arson024;Arson;337
141;Arson002;Arson;444
142;Arson036;Arson;170
143;Arson050;Arson;159
144;Arson044;Arson;120
145;Arson017;Arson;139
146;Arson005;Arson;118
147;Arson040;Arson;284
148;Arson020;Arson;243
149;Arson001;Arson;419
150;Arson028;Arson;241
151;Arson042;Arson;588
152;Arson014;Arson;264
153;Arson049;Arson;39
154;Arson038;Arson;74
155;Arson034;Arson;239
156;Arson012;Arson;90
157;Arson047;Arson;145
158;Arson027;Arson;270
159;Arson006;Arson;282
160;Arson031;Arson;289
161;Arson039;Arson;338
162;Arson048;Arson;42
163;Arson046;Arson;208
164;Arson008;Arson;122
165;Arson021;Arson;145
166;Arson029;Arson;135
167;Arson051;Arson;106
168;Shoplifting014;Shoplifting;6670
169;Shoplifting008;Shoplifting;893
170;Shoplifting051;Shoplifting;722
171;Shoplifting040;Shoplifting;2721
172;Shoplifting012;Shoplifting;2344
173;Shoplifting042;Shoplifting;513
174;Shoplifting030;Shoplifting;2420
175;Shoplifting050;Shoplifting;251
176;Shoplifting032;Shoplifting;143
177;Shoplifting052;Shoplifting;765
178;Shoplifting055;Shoplifting;677
179;Shoplifting043;Shoplifting;952
180;Shoplifting038;Shoplifting;291
181;Shoplifting048;Shoplifting;311
182;Shoplifting041;Shoplifting;1234
183;Shoplifting025;Shoplifting;183
184;Shoplifting047;Shoplifting;238
185;Shoplifting024;Shoplifting;121
186;Shoplifting006;Shoplifting;316
187;Shoplifting009;Shoplifting;521
188;Shoplifting018;Shoplifting;214
189;Shoplifting003;Shoplifting;1082
190;Shoplifting045;Shoplifting;164
191;Shoplifting013;Shoplifting;203
192;Shoplifting054;Shoplifting;103
193;Shoplifting036;Shoplifting;366
194;Shoplifting026;Shoplifting;141
195;Shoplifting019;Shoplifting;66
196;Shoplifting053;Shoplifting;210
197;Stealing013;Stealing;926
198;Stealing077;Stealing;1919
199;Stealing011;Stealing;372
200;Stealing024;Stealing;247
201;Stealing092;Stealing;1355
202;Stealing089;Stealing;1295
203;Stealing023;Stealing;508
204;Stealing072;Stealing;1162
205;Stealing087;Stealing;494
206;Stealing111;Stealing;472
207;Stealing002;Stealing;352
208;Stealing046;Stealing;1031
209;Stealing068;Stealing;686
210;Stealing103;Stealing;608
211;Stealing009;Stealing;162
212;Stealing053;Stealing;1306
213;Stealing109;Stealing;946
214;Stealing081;Stealing;126
215;Stealing043;Stealing;482
216;Stealing086;Stealing;1815
217;Stealing107;Stealing;450
218;Stealing113;Stealing;158
219;Stealing021;Stealing;413
220;Stealing035;Stealing;1116
221;Stealing063;Stealing;1160
222;Stealing016;Stealing;245
223;Stealing084;Stealing;1573
224;Stealing074;Stealing;240
225;Stealing105;Stealing;112
226;Stealing060;Stealing;152
227;Stealing055;Stealing;162
228;Stealing007;Stealing;309
229;Stealing008;Stealing;501
230;Stealing026;Stealing;276
231;Stealing025;Stealing;2182
232;Stealing100;Stealing;1536
233;Stealing059;Stealing;224
234;Stealing032;Stealing;540
235;Stealing051;Stealing;333
236;Stealing098;Stealing;347
237;Stealing083;Stealing;451
238;Stealing108;Stealing;397
239;Stealing078;Stealing;259
240;Stealing101;Stealing;255
241;Stealing044;Stealing;321
242;Stealing045;Stealing;1067
243;Stealing018;Stealing;206
244;Stealing073;Stealing;153
245;Stealing067;Stealing;210
246;Stealing014;Stealing;337
247;Stealing020;Stealing;661
248;Stealing050;Stealing;335
249;Stealing114;Stealing;122
250;Stealing088;Stealing;1286
251;Stealing052;Stealing;338
252;Stealing093;Stealing;123
253;Stealing006;Stealing;323
254;Stealing057;Stealing;302
255;Stealing015;Stealing;180
256;Stealing096;Stealing;661
257;Stealing094;Stealing;390
258;Stealing080;Stealing;106
259;Stealing048;Stealing;757
260;Stealing082;Stealing;169
261;Stealing004;Stealing;666
262;Stealing049;Stealing;148
263;Stealing104;Stealing;316
264;Stealing054;Stealing;267
265;Stealing022;Stealing;246
266;Stealing028;Stealing;177
267;Stealing003;Stealing;358
268;Stealing042;Stealing;420
269;Stealing112;Stealing;211
270;Stealing029;Stealing;41
271;Stealing065;Stealing;549
272;Stealing061;Stealing;241
273;Stealing097;Stealing;115
274;Stealing017;Stealing;189
275;Stealing010;Stealing;304
276;Stealing110;Stealing;176
277;Stealing075;Stealing;563
278;Stealing037;Stealing;475
279;Stealing027;Stealing;191
280;Stealing031;Stealing;109
281;Stealing070;Stealing;135
282;Stealing012;Stealing;272
283;Stealing047;Stealing;136
284;Stealing071;Stealing;97
285;Stealing102;Stealing;124
286;Stealing066;Stealing;128
287;Stealing106;Stealing;144
288;Stealing069;Stealing;81
289;Stealing095;Stealing;76
290;Stealing030;Stealing;85
291;Stealing091;Stealing;60
292;Burglary071;Burglary;359
293;Burglary064;Burglary;4863
294;Burglary044;Burglary;686
295;Burglary052;Burglary;998
296;Burglary096;Burglary;663
297;Burglary058;Burglary;1143
298;Burglary083;Burglary;588
299;Burglary082;Burglary;278
300;Burglary065;Burglary;938
301;Burglary100;Burglary;741
302;Burglary062;Burglary;1126
303;Burglary057;Burglary;554
304;Burglary008;Burglary;492
305;Burglary039;Burglary;943
306;Burglary006;Burglary;894
307;Burglary095;Burglary;4066
308;Burglary029;Burglary;503
309;Burglary027;Burglary;310
310;Burglary087;Burglary;222
311;Burglary075;Burglary;1560
312;Burglary030;Burglary;90
313;Burglary009;Burglary;256
314;Burglary028;Burglary;96
315;Burglary049;Burglary;922
316;Burglary088;Burglary;488
317;Burglary073;Burglary;277
318;Burglary002;Burglary;307
319;Burglary094;Burglary;145
320;Burglary019;Burglary;290
321;Burglary025;Burglary;622
322;Burglary010;Burglary;589
323;Burglary048;Burglary;165
324;Burglary031;Burglary;626
325;Burglary016;Burglary;526
326;Burglary023;Burglary;995
327;Burglary040;Burglary;571
328;Burglary022;Burglary;284
329;Burglary098;Burglary;91
330;Burglary074;Burglary;224
331;Burglary041;Burglary;182
332;Burglary015;Burglary;113
333;Burglary014;Burglary;258
334;Burglary066;Burglary;221
335;Burglary047;Burglary;276
336;Burglary086;Burglary;325
337;Burglary069;Burglary;211
338;Burglary050;Burglary;115
339;Burglary067;Burglary;132
340;Burglary085;Burglary;288
341;Burglary091;Burglary;333
342;Burglary011;Burglary;197
343;Burglary045;Burglary;1096
344;Burglary051;Burglary;127
345;Burglary020;Burglary;331
346;Burglary063;Burglary;425
347;Burglary084;Burglary;452
348;Burglary013;Burglary;224
349;Burglary090;Burglary;277
350;Burglary042;Burglary;424
351;Burglary038;Burglary;90
352;Burglary055;Burglary;282
353;Burglary012;Burglary;170
354;Burglary053;Burglary;328
355;Burglary001;Burglary;397
356;Burglary054;Burglary;45
357;Burglary003;Burglary;118
358;Burglary034;Burglary;128
359;Burglary056;Burglary;142
360;Burglary026;Burglary;154
361;Burglary068;Burglary;67
362;Burglary046;Burglary;229
363;Burglary072;Burglary;255
364;Burglary099;Burglary;134
365;Burglary089;Burglary;336
366;Burglary080;Burglary;116
367;Burglary093;Burglary;77
368;Burglary043;Burglary;54
369;Burglary060;Burglary;77
370;Burglary077;Burglary;191
371;Burglary004;Burglary;179
372;Burglary036;Burglary;101
373;Burglary081;Burglary;42
374;Burglary007;Burglary;109
375;Burglary059;Burglary;45
376;Burglary078;Burglary;30
377;Burglary097;Burglary;30
378;Burglary070;Burglary;80
379;Normal_Videos472;NormalVideos;18081
380;Normal_Videos138;NormalVideos;12817
381;Normal_Videos397;NormalVideos;6049
382;Normal_Videos308;NormalVideos;97651
383;Normal_Videos087;NormalVideos;8099
384;Normal_Videos307;NormalVideos;62802
385;Normal_Videos219;NormalVideos;267
386;Normal_Videos471;NormalVideos;19145
387;Normal_Videos187;NormalVideos;900
388;Normal_Videos665;NormalVideos;1168
389;Normal_Videos785;NormalVideos;8099
390;Normal_Videos323;NormalVideos;6298
391;Normal_Videos176;NormalVideos;570
392;Normal_Videos547;NormalVideos;16852
393;Normal_Videos205;NormalVideos;785
394;Normal_Videos720;NormalVideos;931
395;Normal_Videos802;NormalVideos;272
396;Normal_Videos548;NormalVideos;8423
397;Normal_Videos947;NormalVideos;18082
398;Normal_Videos540;NormalVideos;8763
399;Normal_Videos450;NormalVideos;10797
400;Normal_Videos946;NormalVideos;23504
401;Normal_Videos666;NormalVideos;10798
402;Normal_Videos713;NormalVideos;7303
403;Normal_Videos028;NormalVideos;963
404;Normal_Videos633;NormalVideos;44131
405;Normal_Videos164;NormalVideos;1033
406;Normal_Videos090;NormalVideos;4109
407;Normal_Videos035;NormalVideos;1842
408;Normal_Videos829;NormalVideos;141
409;Normal_Videos151;NormalVideos;558
410;Normal_Videos688;NormalVideos;7849
411;Normal_Videos511;NormalVideos;2702
412;Normal_Videos226;NormalVideos;1454
413;Normal_Videos557;NormalVideos;1841
414;Normal_Videos786;NormalVideos;570
415;Normal_Videos191;NormalVideos;360
416;Normal_Videos679;NormalVideos;718
417;Normal_Videos608;NormalVideos;895
418;Normal_Videos089;NormalVideos;1966
419;Normal_Videos136;NormalVideos;10624
420;Normal_Videos697;NormalVideos;173
421;Normal_Videos369;NormalVideos;858
422;Normal_Videos449;NormalVideos;10798
423;Normal_Videos808;NormalVideos;272
424;Normal_Videos709;NormalVideos;429
425;Normal_Videos849;NormalVideos;326
426;Normal_Videos046;NormalVideos;2696
427;Normal_Videos524;NormalVideos;1005
428;Normal_Videos331;NormalVideos;10790
429;Normal_Videos819;NormalVideos;6213
430;Normal_Videos520;NormalVideos;5084
431;Normal_Videos026;NormalVideos;274
432;Normal_Videos670;NormalVideos;419
433;Normal_Videos349;NormalVideos;534
434;Normal_Videos771;NormalVideos;247
435;Normal_Videos700;NormalVideos;670
436;Normal_Videos425;NormalVideos;19277
437;Normal_Videos678;NormalVideos;221
438;Normal_Videos681;NormalVideos;2710
439;Normal_Videos277;NormalVideos;2432
440;Normal_Videos137;NormalVideos;10691
441;Normal_Videos460;NormalVideos;747
442;Normal_Videos141;NormalVideos;1230
443;Normal_Videos718;NormalVideos;3173
444;Normal_Videos642;NormalVideos;5826
445;Normal_Videos525;NormalVideos;3240
446;Normal_Videos563;NormalVideos;8241
447;Normal_Videos479;NormalVideos;3961
448;Normal_Videos769;NormalVideos;5400
449;Normal_Videos371;NormalVideos;3693
450;Normal_Videos185;NormalVideos;920
451;Normal_Videos561;NormalVideos;2137
452;Normal_Videos473;NormalVideos;6693
453;Normal_Videos714;NormalVideos;7900
454;Normal_Videos689;NormalVideos;3190
455;Normal_Videos529;NormalVideos;10798
456;Normal_Videos600;NormalVideos;211
457;Normal_Videos009;NormalVideos;74
458;Normal_Videos532;NormalVideos;2589
459;Normal_Videos396;NormalVideos;7986
460;Normal_Videos012;NormalVideos;234
461;Normal_Videos537;NormalVideos;408
462;Normal_Videos521;NormalVideos;5084
463;Normal_Videos701;NormalVideos;4283
464;Normal_Videos541;NormalVideos;9480
465;Normal_Videos111;NormalVideos;2038
466;Normal_Videos684;NormalVideos;1803
467;Normal_Videos522;NormalVideos;624
468;Normal_Videos492;NormalVideos;4971
469;Normal_Videos836;NormalVideos;3374
470;Normal_Videos098;NormalVideos;336
471;Normal_Videos691;NormalVideos;1570
472;Normal_Videos177;NormalVideos;1132
473;Normal_Videos565;NormalVideos;5361
474;Normal_Videos142;NormalVideos;188
475;Normal_Videos199;NormalVideos;704
476;Normal_Videos375;NormalVideos;5761
477;Normal_Videos467;NormalVideos;546
478;Normal_Videos683;NormalVideos;2343
479;Normal_Videos629;NormalVideos;449
480;Normal_Videos299;NormalVideos;142
481;Normal_Videos530;NormalVideos;10797
482;Normal_Videos728;NormalVideos;225
483;Normal_Videos694;NormalVideos;2198
484;Normal_Videos676;NormalVideos;582
485;Normal_Videos716;NormalVideos;2775
486;Normal_Videos231;NormalVideos;849
487;Normal_Videos620;NormalVideos;897
488;Normal_Videos553;NormalVideos;1213
489;Normal_Videos566;NormalVideos;2700
490;Normal_Videos562;NormalVideos;2708
491;Normal_Videos632;NormalVideos;1202
492;Normal_Videos484;NormalVideos;3598
493;Normal_Videos064;NormalVideos;234
494;Normal_Videos856;NormalVideos;1812
495;Normal_Videos388;NormalVideos;431
496;Normal_Videos618;NormalVideos;194
497;Normal_Videos799;NormalVideos;367
498;Normal_Videos339;NormalVideos;900
499;Normal_Videos091;NormalVideos;1977
500;Normal_Videos258;NormalVideos;117
501;Normal_Videos556;NormalVideos;6913
502;Normal_Videos687;NormalVideos;3787
503;Normal_Videos510;NormalVideos;2704
504;Normal_Videos639;NormalVideos;321
505;Normal_Videos534;NormalVideos;3887
506;Normal_Videos145;NormalVideos;451
507;Normal_Videos762;NormalVideos;2237
508;Normal_Videos134;NormalVideos;448
509;Normal_Videos496;NormalVideos;6459
510;Normal_Videos061;NormalVideos;1770
511;Normal_Videos171;NormalVideos;4260
512;Normal_Videos568;NormalVideos;708
513;Normal_Videos469;NormalVideos;670
514;Normal_Videos488;NormalVideos;116
515;Normal_Videos179;NormalVideos;501
516;Normal_Videos560;NormalVideos;1821
517;Normal_Videos613;NormalVideos;594
518;Normal_Videos585;NormalVideos;179
519;Normal_Videos626;NormalVideos;900
520;Normal_Videos266;NormalVideos;2329
521;Normal_Videos085;NormalVideos;518
522;Normal_Videos638;NormalVideos;3074
523;Normal_Videos533;NormalVideos;7933
524;Normal_Videos796;NormalVideos;1675
525;Normal_Videos097;NormalVideos;475
526;Normal_Videos544;NormalVideos;6037
527;Normal_Videos214;NormalVideos;1126
528;Normal_Videos587;NormalVideos;870
529;Normal_Videos543;NormalVideos;3210
530;Normal_Videos274;NormalVideos;902
531;Normal_Videos549;NormalVideos;927
532;Normal_Videos245;NormalVideos;1801
533;Normal_Videos448;NormalVideos;1738
534;Normal_Videos791;NormalVideos;360
535;Normal_Videos551;NormalVideos;5400
536;Normal_Videos567;NormalVideos;546
537;Normal_Videos531;NormalVideos;558
538;Normal_Videos429;NormalVideos;344
539;Normal_Videos743;NormalVideos;574
540;Normal_Videos776;NormalVideos;821
541;Normal_Videos558;NormalVideos;164
542;Normal_Videos630;NormalVideos;6339
543;Normal_Videos527;NormalVideos;118
544;Normal_Videos741;NormalVideos;562
545;Normal_Videos301;NormalVideos;181
546;Normal_Videos347;NormalVideos;190
547;Normal_Videos456;NormalVideos;395
548;Normal_Videos536;NormalVideos;1394
549;Normal_Videos442;NormalVideos;180
550;Normal_Videos315;NormalVideos;154
551;Normal_Videos486;NormalVideos;271
552;Normal_Videos481;NormalVideos;900
553;Normal_Videos173;NormalVideos;60
554;Normal_Videos225;NormalVideos;1995
555;Normal_Videos023;NormalVideos;177
556;Normal_Videos855;NormalVideos;1804
557;Normal_Videos474;NormalVideos;570
558;Normal_Videos477;NormalVideos;202
559;Normal_Videos760;NormalVideos;182
560;Normal_Videos847;NormalVideos;357
561;Normal_Videos037;NormalVideos;45
562;Normal_Videos575;NormalVideos;368
563;Normal_Videos389;NormalVideos;345
564;Normal_Videos611;NormalVideos;120
565;Normal_Videos517;NormalVideos;460
566;Normal_Videos105;NormalVideos;72
567;Normal_Videos420;NormalVideos;1092
568;Normal_Videos526;NormalVideos;878
569;Normal_Videos381;NormalVideos;238
570;Normal_Videos434;NormalVideos;187
571;Normal_Videos404;NormalVideos;348
572;Normal_Videos846;NormalVideos;182
573;Normal_Videos822;NormalVideos;188
574;Normal_Videos737;NormalVideos;110
575;Normal_Videos837;NormalVideos;368
576;Normal_Videos415;NormalVideos;2697
577;Normal_Videos643;NormalVideos;358
578;Normal_Videos646;NormalVideos;433
579;Normal_Videos590;NormalVideos;899
580;Normal_Videos395;NormalVideos;48
581;Normal_Videos236;NormalVideos;338
582;Normal_Videos570;NormalVideos;85
583;Normal_Videos227;NormalVideos;166
584;Normal_Videos084;NormalVideos;2746
585;Normal_Videos491;NormalVideos;1205
586;Normal_Videos554;NormalVideos;320
587;Normal_Videos854;NormalVideos;1803
588;Normal_Videos233;NormalVideos;92
589;Normal_Videos447;NormalVideos;1346
590;Normal_Videos211;NormalVideos;833
591;Normal_Videos564;NormalVideos;1528
592;Normal_Videos394;NormalVideos;183
593;Normal_Videos519;NormalVideos;175
594;Normal_Videos080;NormalVideos;235
595;Normal_Videos572;NormalVideos;443
596;Normal_Videos424;NormalVideos;716
597;Normal_Videos354;NormalVideos;180
598;Normal_Videos512;NormalVideos;3693
599;Normal_Videos494;NormalVideos;3021
600;Normal_Videos845;NormalVideos;56
601;Normal_Videos830;NormalVideos;282
602;Normal_Videos255;NormalVideos;360
603;Normal_Videos340;NormalVideos;268
604;Normal_Videos805;NormalVideos;273
605;Normal_Videos126;NormalVideos;281
606;Normal_Videos377;NormalVideos;1383
607;Normal_Videos240;NormalVideos;418
608;Normal_Videos693;NormalVideos;71
609;Normal_Videos584;NormalVideos;899
610;Normal_Videos305;NormalVideos;255
611;Normal_Videos076;NormalVideos;308
612;Normal_Videos062;NormalVideos;158
613;Normal_Videos574;NormalVideos;992
614;Normal_Videos735;NormalVideos;114
615;Normal_Videos422;NormalVideos;160
616;Normal_Videos644;NormalVideos;121
617;Normal_Videos475;NormalVideos;1749
618;Normal_Videos581;NormalVideos;269
619;Normal_Videos811;NormalVideos;272
620;Normal_Videos107;NormalVideos;361
621;Normal_Videos461;NormalVideos;188
622;Normal_Videos795;NormalVideos;1329
623;Normal_Videos589;NormalVideos;524
624;Normal_Videos552;NormalVideos;429
625;Normal_Videos144;NormalVideos;869
626;Normal_Videos092;NormalVideos;180
627;Normal_Videos838;NormalVideos;369
628;Normal_Videos303;NormalVideos;535
629;Normal_Videos272;NormalVideos;291
630;Normal_Videos332;NormalVideos;1663
631;Normal_Videos595;NormalVideos;267
632;Normal_Videos454;NormalVideos;182
633;Normal_Videos123;NormalVideos;2217
634;Normal_Videos437;NormalVideos;290
635;Normal_Videos483;NormalVideos;426
636;Normal_Videos057;NormalVideos;379
637;Normal_Videos324;NormalVideos;264
638;Normal_Videos559;NormalVideos;1983
639;Normal_Videos030;NormalVideos;443
640;Normal_Videos515;NormalVideos;877
641;Normal_Videos351;NormalVideos;591
642;Normal_Videos588;NormalVideos;759
643;Normal_Videos172;NormalVideos;1186
644;Normal_Videos619;NormalVideos;897
645;Normal_Videos309;NormalVideos;900
646;Normal_Videos648;NormalVideos;89
647;Normal_Videos160;NormalVideos;360
648;Normal_Videos208;NormalVideos;225
649;Normal_Videos379;NormalVideos;109
650;Normal_Videos794;NormalVideos;453
651;Normal_Videos655;NormalVideos;738
652;Normal_Videos288;NormalVideos;353
653;Normal_Videos695;NormalVideos;647
654;Normal_Videos538;NormalVideos;102
655;Normal_Videos125;NormalVideos;313
656;Normal_Videos508;NormalVideos;143
657;Normal_Videos039;NormalVideos;180
658;Normal_Videos647;NormalVideos;234
659;Normal_Videos464;NormalVideos;513
660;Normal_Videos075;NormalVideos;340
661;Normal_Videos652;NormalVideos;330
662;Normal_Videos169;NormalVideos;156
663;Normal_Videos193;NormalVideos;357
664;Normal_Videos038;NormalVideos;298
665;Normal_Videos188;NormalVideos;899
666;Normal_Videos153;NormalVideos;801
667;Normal_Videos498;NormalVideos;641
668;Normal_Videos550;NormalVideos;849
669;Normal_Videos793;NormalVideos;290
670;Normal_Videos130;NormalVideos;1200
671;Normal_Videos139;NormalVideos;2520
672;Normal_Videos774;NormalVideos;183
673;Normal_Videos122;NormalVideos;190
674;Normal_Videos759;NormalVideos;90
675;Normal_Videos338;NormalVideos;96
676;Normal_Videos579;NormalVideos;1842
677;Normal_Videos832;NormalVideos;1416
678;Normal_Videos624;NormalVideos;420
679;Normal_Videos047;NormalVideos;713
680;Normal_Videos545;NormalVideos;872
681;Normal_Videos719;NormalVideos;286
682;Normal_Videos194;NormalVideos;415
683;Normal_Videos755;NormalVideos;163
684;Normal_Videos654;NormalVideos;258
685;Normal_Videos787;NormalVideos;600
686;Normal_Videos602;NormalVideos;1151
687;Normal_Videos068;NormalVideos;189
688;Normal_Videos262;NormalVideos;718
689;Normal_Videos591;NormalVideos;903
690;Normal_Videos583;NormalVideos;623
691;Normal_Videos605;NormalVideos;382
692;Normal_Videos088;NormalVideos;248
693;Normal_Videos945;NormalVideos;360
694;Normal_Videos864;NormalVideos;115
695;Normal_Videos921;NormalVideos;173
696;Normal_Videos462;NormalVideos;345
697;Normal_Videos234;NormalVideos;540
698;Normal_Videos157;NormalVideos;21
699;Normal_Videos457;NormalVideos;176
700;Normal_Videos201;NormalVideos;285
701;Normal_Videos614;NormalVideos;246
702;Normal_Videos143;NormalVideos;179
703;Normal_Videos195;NormalVideos;476
704;Normal_Videos279;NormalVideos;426
705;Normal_Videos304;NormalVideos;289
706;Normal_Videos744;NormalVideos;140
707;Normal_Videos275;NormalVideos;230
708;Normal_Videos376;NormalVideos;456
709;Normal_Videos490;NormalVideos;821
710;Normal_Videos920;NormalVideos;117
711;Normal_Videos228;NormalVideos;181
712;Normal_Videos459;NormalVideos;744
713;Normal_Videos598;NormalVideos;732
714;Normal_Videos507;NormalVideos;206
715;Normal_Videos674;NormalVideos;561
716;Normal_Videos499;NormalVideos;233
717;Normal_Videos250;NormalVideos;360
718;Normal_Videos391;NormalVideos;487
719;Normal_Videos353;NormalVideos;121
720;Normal_Videos222;NormalVideos;95
721;Normal_Videos135;NormalVideos;179
722;Normal_Videos384;NormalVideos;225
723;Normal_Videos093;NormalVideos;174
724;Normal_Videos476;NormalVideos;465
725;Normal_Videos220;NormalVideos;274
726;Normal_Videos410;NormalVideos;399
727;Normal_Videos726;NormalVideos;172
728;Normal_Videos370;NormalVideos;448
729;Normal_Videos071;NormalVideos;88
730;Normal_Videos271;NormalVideos;185
731;Normal_Videos942;NormalVideos;72
732;Normal_Videos114;NormalVideos;179
733;Normal_Videos212;NormalVideos;1503
734;Normal_Videos065;NormalVideos;87
735;Normal_Videos732;NormalVideos;153
736;Normal_Videos680;NormalVideos;66
737;Normal_Videos409;NormalVideos;369
738;Normal_Videos102;NormalVideos;103
739;Normal_Videos119;NormalVideos;387
740;Normal_Videos116;NormalVideos;454
741;Normal_Videos313;NormalVideos;131
742;Normal_Videos427;NormalVideos;173
743;Normal_Videos825;NormalVideos;162
744;Normal_Videos161;NormalVideos;588
745;Normal_Videos711;NormalVideos;157
746;Normal_Videos283;NormalVideos;900
747;Normal_Videos392;NormalVideos;185
748;Normal_Videos826;NormalVideos;166
749;Normal_Videos276;NormalVideos;417
750;Normal_Videos577;NormalVideos;774
751;Normal_Videos813;NormalVideos;272
752;Normal_Videos243;NormalVideos;183
753;Normal_Videos049;NormalVideos;550
754;Normal_Videos386;NormalVideos;460
755;Normal_Videos458;NormalVideos;750
756;Normal_Videos306;NormalVideos;397
757;Normal_Videos451;NormalVideos;210
758;Normal_Videos398;NormalVideos;374
759;Normal_Videos789;NormalVideos;569
760;Normal_Videos445;NormalVideos;213
761;Normal_Videos578;NormalVideos;443
762;Normal_Videos773;NormalVideos;308
763;Normal_Videos917;NormalVideos;99
764;Normal_Videos285;NormalVideos;192
765;Normal_Videos327;NormalVideos;166
766;Normal_Videos256;NormalVideos;190
767;Normal_Videos807;NormalVideos;272
768;Normal_Videos767;NormalVideos;181
769;Normal_Videos834;NormalVideos;315
770;Normal_Videos707;NormalVideos;202
771;Normal_Videos264;NormalVideos;390
772;Normal_Videos432;NormalVideos;359
773;Normal_Videos599;NormalVideos;238
774;Normal_Videos542;NormalVideos;634
775;Normal_Videos044;NormalVideos;252
776;Normal_Videos372;NormalVideos;66
777;Normal_Videos200;NormalVideos;371
778;Normal_Videos657;NormalVideos;150
779;Normal_Videos366;NormalVideos;66
780;Normal_Videos431;NormalVideos;296
781;Normal_Videos833;NormalVideos;260
782;Normal_Videos180;NormalVideos;552
783;Normal_Videos325;NormalVideos;164
784;Normal_Videos254;NormalVideos;124
785;Normal_Videos503;NormalVideos;92
786;Normal_Videos815;NormalVideos;272
787;Normal_Videos413;NormalVideos;243
788;Normal_Videos335;NormalVideos;540
789;Normal_Videos635;NormalVideos;113
790;Normal_Videos809;NormalVideos;272
791;Normal_Videos162;NormalVideos;117
792;Normal_Videos013;NormalVideos;122
793;Normal_Videos851;NormalVideos;200
794;Normal_Videos752;NormalVideos;104
795;Normal_Videos152;NormalVideos;801
796;Normal_Videos421;NormalVideos;258
797;Normal_Videos922;NormalVideos;67
798;Normal_Videos812;NormalVideos;272
799;Normal_Videos746;NormalVideos;48
800;Normal_Videos011;NormalVideos;90
801;Normal_Videos470;NormalVideos;120
802;Normal_Videos571;NormalVideos;213
803;Normal_Videos497;NormalVideos;193
804;Normal_Videos333;NormalVideos;89
805;Normal_Videos501;NormalVideos;177
806;Normal_Videos357;NormalVideos;180
807;Normal_Videos186;NormalVideos;870
808;Normal_Videos215;NormalVideos;89
809;Normal_Videos146;NormalVideos;82
810;Normal_Videos631;NormalVideos;679
811;Normal_Videos810;NormalVideos;272
812;Normal_Videos660;NormalVideos;121
813;Normal_Videos207;NormalVideos;261
814;Normal_Videos862;NormalVideos;159
815;Normal_Videos298;NormalVideos;334
816;Normal_Videos804;NormalVideos;273
817;Normal_Videos399;NormalVideos;341
818;Normal_Videos060;NormalVideos;308
819;Normal_Videos229;NormalVideos;183
820;Normal_Videos617;NormalVideos;293
821;Normal_Videos622;NormalVideos;256
822;Normal_Videos074;NormalVideos;204
823;Normal_Videos358;NormalVideos;194
824;Normal_Videos739;NormalVideos;131
825;Normal_Videos124;NormalVideos;140
826;Normal_Videos086;NormalVideos;340
827;Normal_Videos949;NormalVideos;112
828;Normal_Videos668;NormalVideos;281
829;Normal_Videos002;NormalVideos;167
830;Normal_Videos625;NormalVideos;321
831;Normal_Videos109;NormalVideos;173
832;Normal_Videos438;NormalVideos;58
833;Normal_Videos166;NormalVideos;161
834;Normal_Videos181;NormalVideos;414
835;Normal_Videos036;NormalVideos;133
836;Normal_Videos322;NormalVideos;222
837;Normal_Videos206;NormalVideos;1074
838;Normal_Videos736;NormalVideos;93
839;Normal_Videos267;NormalVideos;328
840;Normal_Videos586;NormalVideos;159
841;Normal_Videos593;NormalVideos;261
842;Normal_Videos096;NormalVideos;78
843;Normal_Videos344;NormalVideos;21
844;Normal_Videos673;NormalVideos;264
845;Normal_Videos817;NormalVideos;272
846;Normal_Videos803;NormalVideos;273
847;Normal_Videos356;NormalVideos;64
848;Normal_Videos612;NormalVideos;627
849;Normal_Videos667;NormalVideos;141
850;Normal_Videos082;NormalVideos;120
851;Normal_Videos569;NormalVideos;292
852;Normal_Videos016;NormalVideos;364
853;Normal_Videos506;NormalVideos;122
854;Normal_Videos320;NormalVideos;102
855;Normal_Videos292;NormalVideos;431
856;Normal_Videos286;NormalVideos;33
857;Normal_Videos334;NormalVideos;83
858;Normal_Videos253;NormalVideos;52
859;Normal_Videos466;NormalVideos;207
860;Normal_Videos842;NormalVideos;92
861;Normal_Videos165;NormalVideos;29
862;Normal_Videos043;NormalVideos;174
863;Normal_Videos535;NormalVideos;365
864;Normal_Videos848;NormalVideos;253
865;Normal_Videos393;NormalVideos;292
866;Normal_Videos238;NormalVideos;302
867;Normal_Videos361;NormalVideos;143
868;Normal_Videos861;NormalVideos;144
869;Normal_Videos174;NormalVideos;93
870;Normal_Videos489;NormalVideos;412
871;Normal_Videos797;NormalVideos;281
872;Normal_Videos221;NormalVideos;223
873;Normal_Videos190;NormalVideos;363
874;Normal_Videos777;NormalVideos;717
875;Normal_Videos615;NormalVideos;458
876;Normal_Videos653;NormalVideos;88
877;Normal_Videos764;NormalVideos;360
878;Normal_Videos132;NormalVideos;263
879;Normal_Videos133;NormalVideos;433
880;Normal_Videos601;NormalVideos;248
881;Normal_Videos948;NormalVideos;360
882;Normal_Videos079;NormalVideos;201
883;Normal_Videos408;NormalVideos;80
884;Normal_Videos712;NormalVideos;358
885;Normal_Videos069;NormalVideos;93
886;Normal_Videos367;NormalVideos;470
887;Normal_Videos699;NormalVideos;174
888;Normal_Videos677;NormalVideos;262
889;Normal_Videos698;NormalVideos;84
890;Normal_Videos022;NormalVideos;39
891;Normal_Videos463;NormalVideos;1038
892;Normal_Videos197;NormalVideos;247
893;Normal_Videos539;NormalVideos;103
894;Normal_Videos792;NormalVideos;840
895;Normal_Videos008;NormalVideos;257
896;Normal_Videos054;NormalVideos;198
897;Normal_Videos158;NormalVideos;55
898;Normal_Videos703;NormalVideos;226
899;Normal_Videos729;NormalVideos;165
900;Normal_Videos672;NormalVideos;194
901;Normal_Videos110;NormalVideos;314
902;Normal_Videos616;NormalVideos;534
903;Normal_Videos623;NormalVideos;1123
904;Normal_Videos919;NormalVideos;37
905;Normal_Videos640;NormalVideos;183
906;Normal_Videos669;NormalVideos;122
907;Normal_Videos918;NormalVideos;77
908;Normal_Videos768;NormalVideos;101
909;Normal_Videos328;NormalVideos;151
910;Normal_Videos278;NormalVideos;194
911;Normal_Videos362;NormalVideos;70
912;Normal_Videos435;NormalVideos;115
913;Normal_Videos950;NormalVideos;242
914;Normal_Videos265;NormalVideos;133
915;Normal_Videos040;NormalVideos;96
916;Normal_Videos835;NormalVideos;257
917;Normal_Videos131;NormalVideos;190
918;Normal_Videos232;NormalVideos;150
919;Normal_Videos282;NormalVideos;411
920;Normal_Videos314;NormalVideos;114
921;Normal_Videos443;NormalVideos;180
922;Normal_Videos775;NormalVideos;206
923;Normal_Videos287;NormalVideos;182
924;Normal_Videos513;NormalVideos;72
925;Normal_Videos244;NormalVideos;276
926;Normal_Videos814;NormalVideos;272
927;Normal_Videos821;NormalVideos;259
928;Normal_Videos337;NormalVideos;39
929;Normal_Videos252;NormalVideos;181
930;Normal_Videos742;NormalVideos;120
931;Normal_Videos582;NormalVideos;425
932;Normal_Videos756;NormalVideos;63
933;Normal_Videos342;NormalVideos;417
934;Normal_Videos514;NormalVideos;460
935;Normal_Videos482;NormalVideos;434
936;Normal_Videos800;NormalVideos;47
937;Normal_Videos192;NormalVideos;403
938;Normal_Videos081;NormalVideos;163
939;Normal_Videos664;NormalVideos;53
940;Normal_Videos723;NormalVideos;438
941;Normal_Videos382;NormalVideos;166
942;Normal_Videos465;NormalVideos;298
943;Normal_Videos095;NormalVideos;105
944;Normal_Videos863;NormalVideos;182
945;Normal_Videos416;NormalVideos;136
946;Normal_Videos213;NormalVideos;179
947;Normal_Videos546;NormalVideos;336
948;Normal_Videos363;NormalVideos;481
949;Normal_Videos580;NormalVideos;360
950;Normal_Videos682;NormalVideos;757
951;Normal_Videos077;NormalVideos;281
952;Normal_Videos509;NormalVideos;70
953;Normal_Videos528;NormalVideos;121
954;Normal_Videos261;NormalVideos;360
955;Normal_Videos140;NormalVideos;180
956;Normal_Videos738;NormalVideos;107
957;Normal_Videos378;NormalVideos;47
958;Normal_Videos649;NormalVideos;90
959;Normal_Videos343;NormalVideos;86
960;Normal_Videos223;NormalVideos;424
961;Normal_Videos731;NormalVideos;26
962;Normal_Videos418;NormalVideos;169
963;Normal_Videos763;NormalVideos;363
964;Normal_Videos021;NormalVideos;197
965;Normal_Videos663;NormalVideos;83
966;Normal_Videos405;NormalVideos;107
967;Normal_Videos273;NormalVideos;382
968;Normal_Videos120;NormalVideos;149
969;Normal_Videos816;NormalVideos;272
970;Normal_Videos216;NormalVideos;342
971;Normal_Videos733;NormalVideos;130
972;Normal_Videos592;NormalVideos;258
973;Normal_Videos555;NormalVideos;85
974;Normal_Videos202;NormalVideos;250
975;Normal_Videos330;NormalVideos;156
976;Normal_Videos296;NormalVideos;61
977;Normal_Videos423;NormalVideos;554
978;Normal_Videos280;NormalVideos;256
979;Normal_Videos502;NormalVideos;91
980;Normal_Videos850;NormalVideos;217
981;Normal_Videos751;NormalVideos;90
982;Normal_Videos302;NormalVideos;181
983;Normal_Videos346;NormalVideos;538
984;Normal_Videos218;NormalVideos;124
985;Normal_Videos636;NormalVideos;127
986;Normal_Videos852;NormalVideos;277
987;Normal_Videos747;NormalVideos;181
988;Normal_Videos790;NormalVideos;121
989;Normal_Videos348;NormalVideos;141
990;Normal_Videos480;NormalVideos;223
991;Normal_Videos257;NormalVideos;141
992;Normal_Videos239;NormalVideos;356
993;Normal_Videos426;NormalVideos;177
994;Normal_Videos516;NormalVideos;476
995;Normal_Videos594;NormalVideos;182
996;Normal_Videos117;NormalVideos;118
997;Normal_Videos387;NormalVideos;76
998;Normal_Videos690;NormalVideos;62
999;Normal_Videos485;NormalVideos;114
1000;Normal_Videos446;NormalVideos;48
1001;Normal_Videos311;NormalVideos;255
1002;Normal_Videos385;NormalVideos;227
1003;Normal_Videos237;NormalVideos;173
1004;Normal_Videos518;NormalVideos;219
1005;Normal_Videos380;NormalVideos;321
1006;Normal_Videos101;NormalVideos;154
1007;Normal_Videos066;NormalVideos;101
1008;Normal_Videos824;NormalVideos;137
1009;Normal_Videos072;NormalVideos;96
1010;Normal_Videos350;NormalVideos;146
1011;Normal_Videos004;NormalVideos;92
1012;Normal_Videos573;NormalVideos;395
1013;Normal_Videos294;NormalVideos;94
1014;Normal_Videos154;NormalVideos;75
1015;Normal_Videos099;NormalVideos;208
1016;Normal_Videos708;NormalVideos;277
1017;Normal_Videos818;NormalVideos;66
1018;Normal_Videos209;NormalVideos;64
1019;Normal_Videos721;NormalVideos;183
1020;Normal_Videos198;NormalVideos;225
1021;Normal_Videos730;NormalVideos;73
1022;Normal_Videos163;NormalVideos;331
1023;Normal_Videos859;NormalVideos;73
1024;Normal_Videos779;NormalVideos;40
1025;Normal_Videos128;NormalVideos;191
1026;Normal_Videos108;NormalVideos;178
1027;Normal_Videos058;NormalVideos;99
1028;Normal_Videos078;NormalVideos;214
1029;Normal_Videos017;NormalVideos;86
1030;Normal_Videos300;NormalVideos;149
1031;Normal_Videos235;NormalVideos;225
1032;Normal_Videos865;NormalVideos;166
1033;Normal_Videos610;NormalVideos;85
1034;Normal_Videos604;NormalVideos;145
1035;Normal_Videos860;NormalVideos;107
1036;Normal_Videos414;NormalVideos;53
1037;Normal_Videos400;NormalVideos;72
1038;Normal_Videos827;NormalVideos;124
1039;Normal_Videos242;NormalVideos;180
1040;Normal_Videos355;NormalVideos;89
1041;Normal_Videos596;NormalVideos;274
1042;Normal_Videos112;NormalVideos;82
1043;Normal_Videos645;NormalVideos;90
1044;Normal_Videos651;NormalVideos;116
1045;Normal_Videos106;NormalVideos;195
1046;Normal_Videos284;NormalVideos;216
1047;Normal_Videos505;NormalVideos;56
1048;Normal_Videos806;NormalVideos;272
1049;Normal_Videos263;NormalVideos;180
1050;Normal_Videos020;NormalVideos;49
1051;Normal_Videos441;NormalVideos;157
1052;Normal_Videos455;NormalVideos;57
1053;Normal_Videos857;NormalVideos;71
1054;Normal_Videos659;NormalVideos;52
1055;Normal_Videos031;NormalVideos;334
1056;Normal_Videos788;NormalVideos;108
1057;Normal_Videos052;NormalVideos;32
1058;Normal_Videos073;NormalVideos;163
1059;Normal_Videos259;NormalVideos;215
1060;Normal_Videos094;NormalVideos;174
1061;Normal_Videos748;NormalVideos;73
1062;Normal_Videos749;NormalVideos;95
1063;Normal_Videos754;NormalVideos;163
1064;Normal_Videos761;NormalVideos;324
1065;Normal_Videos433;NormalVideos;45
1066;Normal_Videos113;NormalVideos;70
1067;Normal_Videos765;NormalVideos;97
1068;Normal_Videos121;NormalVideos;116
1069;Normal_Videos858;NormalVideos;122
1070;Normal_Videos609;NormalVideos;61
1071;Normal_Videos295;NormalVideos;85
1072;Normal_Videos260;NormalVideos;276
1073;Normal_Videos383;NormalVideos;191
1074;Normal_Videos403;NormalVideos;42
1075;Normal_Videos204;NormalVideos;83
1076;Normal_Videos607;NormalVideos;190
1077;Normal_Videos241;NormalVideos;235
1078;Normal_Videos671;NormalVideos;98
1079;Normal_Videos270;NormalVideos;212
1080;Normal_Videos167;NormalVideos;158
1081;Normal_Videos329;NormalVideos;153
1082;Normal_Videos045;NormalVideos;155
1083;Normal_Videos468;NormalVideos;80
1084;Normal_Videos359;NormalVideos;91
1085;Normal_Videos178;NormalVideos;103
1086;Normal_Videos504;NormalVideos;55
1087;Normal_Videos436;NormalVideos;211
1088;Normal_Videos650;NormalVideos;109
1089;Normal_Videos495;NormalVideos;53
1090;Normal_Videos170;NormalVideos;109
1091;Normal_Videos692;NormalVideos;180
1092;Normal_Videos319;NormalVideos;189
1093;Normal_Videos148;NormalVideos;63
1094;Normal_Videos373;NormalVideos;50
1095;Normal_Videos772;NormalVideos;133
1096;Normal_Videos637;NormalVideos;204
1097;Normal_Videos853;NormalVideos;111
1098;Normal_Videos281;NormalVideos;35
1099;Normal_Videos104;NormalVideos;69
1100;Normal_Videos032;NormalVideos;84
1101;Normal_Videos444;NormalVideos;86
1102;Normal_Videos784;NormalVideos;99
1103;Normal_Videos326;NormalVideos;148
1104;Normal_Videos500;NormalVideos;38
1105;Normal_Videos411;NormalVideos;93
1106;Normal_Videos419;NormalVideos;122
1107;Normal_Videos727;NormalVideos;114
1108;Normal_Videos149;NormalVideos;103
1109;Normal_Videos001;NormalVideos;55
1110;Normal_Videos374;NormalVideos;38
1111;Normal_Videos127;NormalVideos;179
1112;Normal_Videos715;NormalVideos;107
1113;Normal_Videos706;NormalVideos;91
1114;Normal_Videos734;NormalVideos;118
1115;Normal_Videos841;NormalVideos;33
1116;Normal_Videos007;NormalVideos;99
1117;Normal_Videos428;NormalVideos;86
1118;Normal_Videos316;NormalVideos;129
1119;Normal_Videos293;NormalVideos;50
1120;Normal_Videos147;NormalVideos;51
1121;Normal_Videos823;NormalVideos;137
1122;Normal_Videos268;NormalVideos;197
1123;Normal_Videos407;NormalVideos;51
1124;Normal_Videos661;NormalVideos;60
1125;Normal_Videos493;NormalVideos;92
1126;Normal_Videos487;NormalVideos;37
1127;Normal_Videos770;NormalVideos;60
1128;Normal_Videos757;NormalVideos;100
1129;Normal_Videos766;NormalVideos;40
1130;Normal_Videos249;NormalVideos;63
1131;Normal_Videos675;NormalVideos;142
1132;Normal_Videos820;NormalVideos;68
1133;Normal_Videos184;NormalVideos;193
1134;Normal_Videos118;NormalVideos;95
1135;Normal_Videos740;NormalVideos;92
1136;Normal_Videos390;NormalVideos;50
1137;Normal_Videos269;NormalVideos;30
1138;Normal_Videos685;NormalVideos;128
1139;Normal_Videos053;NormalVideos;40
1140;Normal_Videos844;NormalVideos;68
1141;Normal_Videos321;NormalVideos;46
1142;Normal_Videos230;NormalVideos;48
1143;Normal_Videos750;NormalVideos;106
1144;Normal_Videos159;NormalVideos;108
1145;Normal_Videos005;NormalVideos;39
1146;Normal_Videos103;NormalVideos;75
1147;Normal_Videos156;NormalVideos;75
1148;Normal_Videos839;NormalVideos;32
1149;Normal_Videos402;NormalVideos;59
1150;Normal_Videos291;NormalVideos;45
1151;Normal_Videos627;NormalVideos;224
1152;Normal_Videos115;NormalVideos;30
1153;Normal_Videos840;NormalVideos;49
1154;Normal_Videos368;NormalVideos;90
1155;Normal_Videos440;NormalVideos;83
1156;Normal_Videos916;NormalVideos;26
1157;Normal_Videos628;NormalVideos;90
1158;Normal_Videos406;NormalVideos;79
1159;Normal_Videos412;NormalVideos;65
1160;Normal_Videos724;NormalVideos;138
1161;Normal_Videos364;NormalVideos;70
1162;Normal_Videos662;NormalVideos;50
1163;Normal_Videos290;NormalVideos;28
1164;Normal_Videos336;NormalVideos;129
1165;Normal_Videos341;NormalVideos;89
1166;Normal_Videos658;NormalVideos;47
1167;Normal_Videos029;NormalVideos;87
1168;Normal_Videos843;NormalVideos;45
1169;Normal_Videos318;NormalVideos;130
1170;Normal_Videos753;NormalVideos;89
1171;Normal_Videos430;NormalVideos;80
1172;Normal_Videos183;NormalVideos;168
1173;Normal_Videos523;NormalVideos;43
1174;Normal_Videos297;NormalVideos;37
1175;Normal_Videos083;NormalVideos;59
1176;Normal_Videos705;NormalVideos;29
1177;Normal_Videos055;NormalVideos;26
1178;Normal_Videos155;NormalVideos;21
1179;Fighting050;Fighting;2627
1180;Fighting026;Fighting;351
1181;Fighting041;Fighting;3165
1182;Fighting007;Fighting;380
1183;Fighting015;Fighting;993
1184;Fighting029;Fighting;438
1185;Fighting051;Fighting;661
1186;Fighting039;Fighting;683
1187;Fighting045;Fighting;592
1188;Fighting008;Fighting;1314
1189;Fighting021;Fighting;357
1190;Fighting034;Fighting;627
1191;Fighting030;Fighting;225
1192;Fighting046;Fighting;300
1193;Fighting044;Fighting;629
1194;Fighting038;Fighting;81
1195;Fighting013;Fighting;144
1196;Fighting024;Fighting;655
1197;Fighting019;Fighting;322
1198;Fighting011;Fighting;824
1199;Fighting004;Fighting;1678
1200;Fighting028;Fighting;243
1201;Fighting037;Fighting;436
1202;Fighting014;Fighting;471
1203;Fighting048;Fighting;689
1204;Fighting022;Fighting;436
1205;Fighting031;Fighting;901
1206;Fighting023;Fighting;103
1207;Fighting002;Fighting;269
1208;Fighting010;Fighting;587
1209;Fighting040;Fighting;233
1210;Fighting025;Fighting;479
1211;Fighting017;Fighting;208
1212;Fighting009;Fighting;214
1213;Fighting036;Fighting;378
1214;Fighting032;Fighting;135
1215;Fighting027;Fighting;386
1216;Fighting043;Fighting;315
1217;Fighting020;Fighting;221
1218;Fighting016;Fighting;291
1219;Fighting049;Fighting;155
1220;Fighting006;Fighting;95
1221;Fighting005;Fighting;179
1222;Fighting035;Fighting;97
1223;Fighting012;Fighting;117
1224;Vandalism008;Vandalism;1259
1225;Vandalism034;Vandalism;176
1226;Vandalism043;Vandalism;325
1227;Vandalism022;Vandalism;394
1228;Vandalism020;Vandalism;145
1229;Vandalism045;Vandalism;436
1230;Vandalism003;Vandalism;147
1231;Vandalism011;Vandalism;1245
1232;Vandalism019;Vandalism;205
1233;Vandalism037;Vandalism;302
1234;Vandalism041;Vandalism;487
1235;Vandalism049;Vandalism;800
1236;Vandalism027;Vandalism;71
1237;Vandalism033;Vandalism;227
1238;Vandalism006;Vandalism;82
1239;Vandalism012;Vandalism;85
1240;Vandalism047;Vandalism;249
1241;Vandalism031;Vandalism;180
1242;Vandalism038;Vandalism;283
1243;Vandalism023;Vandalism;631
1244;Vandalism010;Vandalism;395
1245;Vandalism025;Vandalism;431
1246;Vandalism005;Vandalism;163
1247;Vandalism001;Vandalism;144
1248;Vandalism013;Vandalism;238
1249;Vandalism048;Vandalism;719
1250;Vandalism046;Vandalism;210
1251;Vandalism004;Vandalism;282
1252;Vandalism018;Vandalism;556
1253;Vandalism016;Vandalism;581
1254;Vandalism002;Vandalism;185
1255;Vandalism044;Vandalism;461
1256;Vandalism050;Vandalism;90
1257;Vandalism042;Vandalism;360
1258;Vandalism026;Vandalism;97
1259;Vandalism030;Vandalism;144
1260;Vandalism024;Vandalism;101
1261;Vandalism014;Vandalism;43
1262;Vandalism009;Vandalism;133
1263;Vandalism029;Vandalism;46
1264;Vandalism040;Vandalism;104
1265;Vandalism021;Vandalism;137
1266;Vandalism039;Vandalism;90
1267;Vandalism032;Vandalism;68
1268;Vandalism035;Vandalism;119
1269;Explosion046;Explosion;14190
1270;Explosion030;Explosion;325
1271;Explosion038;Explosion;271
1272;Explosion051;Explosion;282
1273;Explosion045;Explosion;76
1274;Explosion026;Explosion;259
1275;Explosion018;Explosion;154
1276;Explosion009;Explosion;111
1277;Explosion047;Explosion;139
1278;Explosion012;Explosion;74
1279;Explosion052;Explosion;366
1280;Explosion041;Explosion;276
1281;Explosion015;Explosion;88
1282;Explosion042;Explosion;277
1283;Explosion024;Explosion;126
1284;Explosion032;Explosion;212
1285;Explosion040;Explosion;458
1286;Explosion023;Explosion;234
1287;Explosion006;Explosion;192
1288;Explosion014;Explosion;130
1289;Explosion019;Explosion;36
1290;Explosion003;Explosion;58
1291;Explosion048;Explosion;46
1292;Explosion001;Explosion;64
1293;Explosion037;Explosion;97
1294;Explosion044;Explosion;72
1295;Explosion034;Explosion;42
1296;Explosion005;Explosion;70
1297;Explosion050;Explosion;28
1298;Arrest012;Arrest;1617
1299;Arrest008;Arrest;639
1300;Arrest033;Arrest;775
1301;Arrest021;Arrest;874
1302;Arrest029;Arrest;777
1303;Arrest049;Arrest;1180
1304;Arrest023;Arrest;181
1305;Arrest047;Arrest;6306
1306;Arrest050;Arrest;712
1307;Arrest002;Arrest;179
1308;Arrest035;Arrest;619
1309;Arrest016;Arrest;1059
1310;Arrest020;Arrest;295
1311;Arrest051;Arrest;1080
1312;Arrest028;Arrest;250
1313;Arrest042;Arrest;159
1314;Arrest011;Arrest;222
1315;Arrest005;Arrest;369
1316;Arrest004;Arrest;361
1317;Arrest044;Arrest;342
1318;Arrest034;Arrest;1162
1319;Arrest046;Arrest;789
1320;Arrest026;Arrest;649
1321;Arrest017;Arrest;344
1322;Arrest022;Arrest;160
1323;Arrest037;Arrest;214
1324;Arrest010;Arrest;263
1325;Arrest048;Arrest;408
1326;Arrest031;Arrest;185
1327;Arrest018;Arrest;244
1328;Arrest006;Arrest;309
1329;Arrest032;Arrest;169
1330;Arrest009;Arrest;172
1331;Arrest027;Arrest;171
1332;Arrest043;Arrest;1080
1333;Arrest041;Arrest;385
1334;Arrest038;Arrest;220
1335;Arrest019;Arrest;140
1336;Arrest025;Arrest;106
1337;Arrest036;Arrest;383
1338;Arrest003;Arrest;306
1339;Arrest015;Arrest;98
1340;Arrest040;Arrest;178
1341;Arrest014;Arrest;154
1342;Arrest013;Arrest;112
1343;Abuse036;Abuse;471
1344;Abuse039;Abuse;1415
1345;Abuse020;Abuse;311
1346;Abuse031;Abuse;445
1347;Abuse034;Abuse;157
1348;Abuse042;Abuse;2848
1349;Abuse040;Abuse;342
1350;Abuse048;Abuse;342
1351;Abuse049;Abuse;214
1352;Abuse004;Abuse;1680
1353;Abuse027;Abuse;438
1354;Abuse033;Abuse;284
1355;Abuse044;Abuse;394
1356;Abuse015;Abuse;788
1357;Abuse008;Abuse;841
1358;Abuse013;Abuse;487
1359;Abuse006;Abuse;438
1360;Abuse043;Abuse;387
1361;Abuse019;Abuse;395
1362;Abuse050;Abuse;487
1363;Abuse014;Abuse;259
1364;Abuse012;Abuse;513
1365;Abuse035;Abuse;266
1366;Abuse038;Abuse;90
1367;Abuse001;Abuse;273
1368;Abuse011;Abuse;365
1369;Abuse022;Abuse;284
1370;Abuse025;Abuse;204
1371;Abuse047;Abuse;157
1372;Abuse003;Abuse;370
1373;Abuse017;Abuse;192
1374;Abuse016;Abuse;141
1375;Abuse002;Abuse;87
1376;Abuse032;Abuse;475
1377;Abuse045;Abuse;509
1378;Abuse046;Abuse;116
1379;Abuse018;Abuse;243
1380;Abuse041;Abuse;139
1381;Abuse037;Abuse;180
1382;Abuse007;Abuse;115
1383;Abuse024;Abuse;103
1384;Abuse009;Abuse;101
1385;Abuse023;Abuse;100
1386;Abuse026;Abuse;199
1387;Abuse010;Abuse;114
1388;Abuse005;Abuse;95
1389;Abuse029;Abuse;30
1390;Abuse021;Abuse;192
1391;Robbery098;Robbery;1211
1392;Robbery058;Robbery;176
1393;Robbery150;Robbery;371
1394;Robbery096;Robbery;404
1395;Robbery135;Robbery;329
1396;Robbery100;Robbery;449
1397;Robbery034;Robbery;634
1398;Robbery129;Robbery;225
1399;Robbery109;Robbery;303
1400;Robbery090;Robbery;672
1401;Robbery078;Robbery;241
1402;Robbery065;Robbery;240
1403;Robbery006;Robbery;340
1404;Robbery014;Robbery;1528
1405;Robbery021;Robbery;823
1406;Robbery035;Robbery;467
1407;Robbery027;Robbery;540
1408;Robbery142;Robbery;251
1409;Robbery007;Robbery;207
1410;Robbery032;Robbery;540
1411;Robbery052;Robbery;361
1412;Robbery123;Robbery;109
1413;Robbery085;Robbery;188
1414;Robbery141;Robbery;399
1415;Robbery005;Robbery;276
1416;Robbery011;Robbery;163
1417;Robbery059;Robbery;966
1418;Robbery128;Robbery;661
1419;Robbery114;Robbery;208
1420;Robbery121;Robbery;141
1421;Robbery087;Robbery;101
1422;Robbery044;Robbery;47
1423;Robbery080;Robbery;248
1424;Robbery067;Robbery;400
1425;Robbery055;Robbery;956
1426;Robbery073;Robbery;751
1427;Robbery069;Robbery;69
1428;Robbery019;Robbery;577
1429;Robbery086;Robbery;721
1430;Robbery094;Robbery;374
1431;Robbery081;Robbery;550
1432;Robbery088;Robbery;473
1433;Robbery030;Robbery;298
1434;Robbery026;Robbery;1312
1435;Robbery037;Robbery;873
1436;Robbery010;Robbery;307
1437;Robbery111;Robbery;571
1438;Robbery018;Robbery;288
1439;Robbery119;Robbery;307
1440;Robbery028;Robbery;235
1441;Robbery148;Robbery;362
1442;Robbery125;Robbery;709
1443;Robbery107;Robbery;169
1444;Robbery057;Robbery;215
1445;Robbery043;Robbery;104
1446;Robbery124;Robbery;956
1447;Robbery002;Robbery;321
1448;Robbery016;Robbery;166
1449;Robbery130;Robbery;184
1450;Robbery082;Robbery;158
1451;Robbery061;Robbery;369
1452;Robbery144;Robbery;81
1453;Robbery076;Robbery;78
1454;Robbery062;Robbery;361
1455;Robbery041;Robbery;137
1456;Robbery105;Robbery;186
1457;Robbery143;Robbery;94
1458;Robbery023;Robbery;112
1459;Robbery118;Robbery;196
1460;Robbery022;Robbery;352
1461;Robbery017;Robbery;436
1462;Robbery104;Robbery;175
1463;Robbery110;Robbery;255
1464;Robbery015;Robbery;274
1465;Robbery009;Robbery;321
1466;Robbery075;Robbery;293
1467;Robbery089;Robbery;28
1468;Robbery131;Robbery;152
1469;Robbery024;Robbery;240
1470;Robbery071;Robbery;157
1471;Robbery045;Robbery;334
1472;Robbery020;Robbery;441
1473;Robbery056;Robbery;277
1474;Robbery084;Robbery;322
1475;Robbery077;Robbery;114
1476;Robbery127;Robbery;126
1477;Robbery036;Robbery;618
1478;Robbery066;Robbery;479
1479;Robbery054;Robbery;198
1480;Robbery060;Robbery;211
1481;Robbery099;Robbery;161
1482;Robbery049;Robbery;198
1483;Robbery140;Robbery;107
1484;Robbery136;Robbery;111
1485;Robbery072;Robbery;140
1486;Robbery115;Robbery;184
1487;Robbery103;Robbery;219
1488;Robbery101;Robbery;335
1489;Robbery033;Robbery;95
1490;Robbery138;Robbery;63
1491;Robbery029;Robbery;219
1492;Robbery008;Robbery;226
1493;Robbery063;Robbery;214
1494;Robbery091;Robbery;191
1495;Robbery083;Robbery;97
1496;Robbery133;Robbery;179
1497;Robbery001;Robbery;99
1498;Robbery149;Robbery;126
1499;Robbery003;Robbery;99
1500;Robbery040;Robbery;105
1501;Robbery097;Robbery;354
1502;Robbery051;Robbery;160
1503;Robbery042;Robbery;218
1504;Robbery013;Robbery;364
1505;Robbery047;Robbery;153
1506;Robbery053;Robbery;184
1507;Robbery025;Robbery;147
1508;Robbery012;Robbery;75
1509;Robbery070;Robbery;60
1510;Robbery134;Robbery;63
1511;Robbery120;Robbery;96
1512;Robbery092;Robbery;85
1513;Robbery117;Robbery;336
1514;Robbery079;Robbery;75
1515;Robbery038;Robbery;184
1516;Robbery146;Robbery;164
1517;Robbery113;Robbery;82
1518;Robbery126;Robbery;156
1519;Robbery004;Robbery;153
1520;Robbery064;Robbery;142
1521;Robbery108;Robbery;144
1522;Robbery046;Robbery;86
1523;Robbery147;Robbery;88
1524;Robbery112;Robbery;138
1525;Robbery145;Robbery;135
1526;Robbery122;Robbery;103
1527;Robbery031;Robbery;111
1528;Robbery139;Robbery;99
1529;Robbery095;Robbery;127
1530;Robbery116;Robbery;45
1531;Robbery093;Robbery;117
1532;Robbery132;Robbery;67
1533;Robbery074;Robbery;79
1534;Robbery039;Robbery;53
1535;Robbery068;Robbery;40
1536;Assault026;Assault;85
1537;Assault050;Assault;63
1538;Assault044;Assault;77
1539;Assault005;Assault;122
1540;Assault042;Assault;900
1541;Assault041;Assault;503
1542;Assault049;Assault;133
1543;Assault003;Assault;445
1544;Assault022;Assault;252
1545;Assault037;Assault;321
1546;Assault002;Assault;253
1547;Assault023;Assault;102
1548;Assault027;Assault;695
1549;Assault028;Assault;264
1550;Assault009;Assault;360
1551;Assault015;Assault;149
1552;Assault034;Assault;232
1553;Assault013;Assault;238
1554;Assault008;Assault;754
1555;Assault019;Assault;254
1556;Assault047;Assault;334
1557;Assault024;Assault;45
1558;Assault030;Assault;177
1559;Assault040;Assault;378
1560;Assault016;Assault;662
1561;Assault033;Assault;128
1562;Assault004;Assault;323
1563;Assault025;Assault;116
1564;Assault048;Assault;181
1565;Assault001;Assault;249
1566;Assault017;Assault;245
1567;Assault020;Assault;48
1568;Assault045;Assault;112
1569;Assault014;Assault;191
1570;Assault032;Assault;58
1571;Assault007;Assault;196
1572;Assault038;Assault;14
1573;Assault012;Assault;79
1574;Assault035;Assault;90
1575;Assault039;Assault;30
1576;Assault051;Assault;61
1577;Assault052;Assault;79
1578;Assault046;Assault;96
1579;Assault018;Assault;37
1580;Assault031;Assault;76
1581;Assault036;Assault;92
1582;Assault029;Assault;61
1583;Shooting042;Shooting;155
1584;Shooting006;Shooting;1308
1585;Shooting014;Shooting;641
1586;Shooting009;Shooting;517
1587;Shooting029;Shooting;137
1588;Shooting020;Shooting;510
1589;Shooting050;Shooting;383
1590;Shooting030;Shooting;115
1591;Shooting052;Shooting;557
1592;Shooting023;Shooting;42
1593;Shooting005;Shooting;533
1594;Shooting025;Shooting;245
1595;Shooting031;Shooting;212
1596;Shooting036;Shooting;383
1597;Shooting038;Shooting;130
1598;Shooting053;Shooting;92
1599;Shooting012;Shooting;189
1600;Shooting054;Shooting;74
1601;Shooting003;Shooting;228
1602;Shooting027;Shooting;71
1603;Shooting039;Shooting;84
1604;Shooting040;Shooting;86
1605;Shooting051;Shooting;140
1606;Shooting017;Shooting;95
1607;Shooting044;Shooting;47
1608;Shooting041;Shooting;140
1609;Shooting001;Shooting;26
